{"name":"ssa_ssa-pdl","title":"SSA PDL","description":"Social Security Administration (SSA) Public Data Listing (PDL)\n\nProvides a list of all data assets maintained by the Social Security Administration. It consist of Public Data Listing in the Enterprise Data Inventory.\n\nSource: https://catalog.data.gov/dataset/public-data-listing","homepage":"https://data.world/ssa/ssa-pdl","license":"Creative Commons CCZero","resources":[{"name":"data","schema":{"fields":[{"name":"accesslevel","title":"accessLevel","type":"string","rdfType":"http://www.w3.org/2001/XMLSchema#string","dwSourceId":"accesslevel"},{"name":"accrualperiodicity","title":"accrualPeriodicity","type":"string","rdfType":"http://www.w3.org/2001/XMLSchema#string","dwSourceId":"accrualperiodicity"},{"name":"bureaucode","title":"bureauCode","type":"string","rdfType":"http://www.w3.org/2001/XMLSchema#string","dwSourceId":"bureaucode"},{"name":"conformsto","title":"conformsTo","type":"string","rdfType":"http://www.w3.org/2001/XMLSchema#string","dwSourceId":"conformsto"},{"name":"contactpoint_fn","title":"contactPoint.fn","type":"string","rdfType":"http://www.w3.org/2001/XMLSchema#string","dwSourceId":"contactpoint_fn"},{"name":"contactpoint_hasemail","title":"contactPoint.hasEmail","type":"string","rdfType":"http://www.w3.org/2001/XMLSchema#string","dwSourceId":"contactpoint_hasemail"},{"name":"describedby","title":"describedBy","type":"string","rdfType":"http://www.w3.org/2001/XMLSchema#anyURI","dwSourceId":"describedby"},{"name":"dataquality","title":"dataQuality","type":"string","rdfType":"http://www.w3.org/2001/XMLSchema#string","dwSourceId":"dataquality"},{"name":"description","title":"description","type":"string","rdfType":"http://www.w3.org/2001/XMLSchema#string","dwSourceId":"description"},{"name":"distribution","title":"distribution","type":"string","rdfType":"http://www.w3.org/2001/XMLSchema#string","dwSourceId":"distribution"},{"name":"identifier","title":"identifier","type":"string","rdfType":"http://www.w3.org/2001/XMLSchema#string","dwSourceId":"identifier"},{"name":"ispartof","title":"isPartOf","type":"string","rdfType":"http://www.w3.org/2001/XMLSchema#string","dwSourceId":"ispartof"},{"name":"keyword","title":"keyword","type":"string","rdfType":"http://www.w3.org/2001/XMLSchema#string","dwSourceId":"keyword"},{"name":"landingpage","title":"landingPage","type":"string","rdfType":"http://www.w3.org/2001/XMLSchema#string","dwSourceId":"landingpage"},{"name":"language","title":"language","type":"string","rdfType":"http://www.w3.org/2001/XMLSchema#string","dwSourceId":"language"},{"name":"license","title":"license","type":"string","rdfType":"http://www.w3.org/2001/XMLSchema#anyURI","dwSourceId":"license"},{"name":"modified","title":"modified","type":"string","rdfType":"http://www.w3.org/2001/XMLSchema#string","dwSourceId":"modified"},{"name":"primaryitinvestmentuii","title":"primaryITInvestmentUII","type":"string","rdfType":"http://www.w3.org/2001/XMLSchema#string","dwSourceId":"primaryitinvestmentuii"},{"name":"programcode","title":"programCode","type":"string","rdfType":"http://www.w3.org/2001/XMLSchema#string","dwSourceId":"programcode"},{"name":"publisher_name","title":"publisher.name","type":"string","rdfType":"http://www.w3.org/2001/XMLSchema#string","dwSourceId":"publisher_name"},{"name":"references","title":"references","type":"string","rdfType":"http://www.w3.org/2001/XMLSchema#string","dwSourceId":"references"},{"name":"rights","title":"rights","type":"string","rdfType":"http://www.w3.org/2001/XMLSchema#string","dwSourceId":"rights"},{"name":"spatial","title":"spatial","type":"string","rdfType":"http://www.w3.org/2001/XMLSchema#string","dwSourceId":"spatial"},{"name":"systemofrecords","title":"systemOfRecords","type":"string","rdfType":"http://www.w3.org/2001/XMLSchema#string","dwSourceId":"systemofrecords"},{"name":"temporal","title":"temporal","type":"string","rdfType":"http://www.w3.org/2001/XMLSchema#string","dwSourceId":"temporal"},{"name":"theme","title":"theme","type":"string","rdfType":"http://www.w3.org/2001/XMLSchema#string","dwSourceId":"theme"},{"name":"title","title":"title","type":"string","rdfType":"http://www.w3.org/2001/XMLSchema#string","dwSourceId":"title"}]},"path":"data/data.csv","format":"csv"},{"name":"original/data.json","path":"original/data.json","format":"json","mediatype":"application/json","bytes":2799863}],"keywords":["data","data asset","json","json file","public","social security","social security administration","ssa"]}